{"cameraMode":{"drawMode":0,"name":"Shaded","section":"Shading Mode"},"sceneLighting":false,"audioPlay":false,"sceneViewState":{"showFog":true,"showMaterialUpdate":false,"showSkybox":true,"showFlares":true,"showImageEffects":true,"showParticleSystems":true},"in2DMode":false,"pivot":{"x":-35.913639068603519,"y":-1.8171088695526124,"z":-0.2367427945137024},"rotation":{"x":-0.14053893089294434,"y":0.06471331417560578,"z":-0.009207017719745636,"w":-0.987920343875885},"size":16.033924102783204,"orthographic":false}