{"cameraMode":{"drawMode":0,"name":"Shaded","section":"Shading Mode"},"sceneLighting":false,"audioPlay":false,"sceneViewState":{"showFog":true,"showMaterialUpdate":false,"showSkybox":true,"showFlares":true,"showImageEffects":true,"showParticleSystems":true},"in2DMode":false,"pivot":{"x":-35.287296295166019,"y":3.7451658248901369,"z":-3.0422780513763429},"rotation":{"x":-0.2181842178106308,"y":0.09880935400724411,"z":-0.02224883809685707,"w":-0.970691978931427},"size":0.06131339073181152,"orthographic":false}