{"cameraMode":{"drawMode":0,"name":"Shaded","section":"Shading Mode"},"sceneLighting":false,"audioPlay":false,"sceneViewState":{"showFog":true,"showMaterialUpdate":false,"showSkybox":true,"showFlares":true,"showImageEffects":true,"showParticleSystems":true},"in2DMode":false,"pivot":{"x":-8.813612937927246,"y":-0.6348975896835327,"z":-3.8229317665100099},"rotation":{"x":0.5220036506652832,"y":-0.04090793430805206,"z":0.02507677674293518,"w":0.8516034483909607},"size":31.446949005126954,"orthographic":false}