{"cameraMode":{"drawMode":0,"name":"Shaded","section":"Shading Mode"},"sceneLighting":false,"audioPlay":false,"sceneViewState":{"showFog":true,"showMaterialUpdate":false,"showSkybox":true,"showFlares":true,"showImageEffects":true,"showParticleSystems":true},"in2DMode":false,"pivot":{"x":-16.440921783447267,"y":-0.27060025930404665,"z":-6.4969329833984379},"rotation":{"x":0.46553656458854678,"y":0.027870027348399164,"z":-0.014669264666736126,"w":0.8844712376594544},"size":17.107105255126954,"orthographic":false}